drop database shopping;


delete from `orderitems`;
delete from `products`;
delete from `orders`;
delete from `points`;
delete from `sellers`;
delete from `categories`;
delete from `users`;

insert into `users` (`userId`,`userName`,`userbirth`,`userGender`,`userHp`,`useremail`,`userPoint`,`userLevel`,`userAddr`,`userregdate`) 
values ('user1','김유신','1976-01-21','M','010-1101-1976','kimys@naver.com',0,1,'서울','2022-01-10 10:50:12');
insert into `users` (`userId`,`userName`,`userbirth`,`userGender`,`userHp`,`userPoint`,`userLevel`,`userAddr`,`userregdate`) 
values ('user2','계백','1975-06-11','M','010-1102-1975',1000,1,'서울','2022-01-10 10:50:12');
insert into `users` (`userId`,`userName`,`userbirth`,`userGender`,`userHp`,`userPoint`,`userLevel`,`userAddr`,`userregdate`) 
values ('user3','김춘추','1989-05-30','M','010-1103-1989',1200,2,'서울','2022-01-10 10:50:12');
insert into `users` (`userId`,`userName`,`userbirth`,`userGender`,`userHp`,`useremail`,`userPoint`,`userLevel`,`userAddr`,`userregdate`) 
values ('user4','이사부','1979-04-13','M','010-2101-1979','leesabu@naver.com',2600,1,'서울','2022-01-10 10:50:12');
insert into `users` (`userId`,`userName`,`userbirth`,`userGender`,`userHp`,`useremail`,`userPoint`,`userLevel`,`userAddr`,`userregdate`) 
values ('user5','장보고','1966-09-12','M','010-2104-1966','jangbg@naver.com',9400,4,'대전','2022-01-10 10:50:12');
insert into `users` (`userId`,`userName`,`userbirth`,`userGender`,`userHp`,`useremail`,`userPoint`,`userLevel`,`userAddr`,`userregdate`) 
values ('user6','선덕여왕','1979-07-28','M','010-3101-1979','queen@naver.com',1600,2,'대전','2022-01-10 10:50:12');
insert into `users` (`userId`,`userName`,`userbirth`,`userGender`,`userHp`,`useremail`,`userPoint`,`userLevel`,`userAddr`,`userregdate`) 
values ('user7','강감찬','1984-06-15','F','010-4101-1984','kang@naver.com',800,0,'대구','2022-01-10 10:50:12');
insert into `users` (`userId`,`userName`,`userbirth`,`userGender`,`userHp`,`useremail`,`userPoint`,`userLevel`,`userAddr`,`userregdate`) 
values ('user8','신사임당','1965-10-21','M','010-5101-1965','sinsa@naver.com',1500,1,'대구','2022-01-10 10:50:12');
insert into `users` (`userId`,`userName`,`userbirth`,`userGender`,`userHp`,`useremail`,`userPoint`,`userLevel`,`userAddr`,`userregdate`) 
values ('user9','이이','1972-11-28','F','010-6101-1972','leelee@naver.com',3400,3,'부산','2022-01-10 10:50:12');
insert into `users` (`userId`,`userName`,`userbirth`,`userGender`,`userHp`,`userPoint`,`userLevel`,`userAddr`,`userregdate`) 
values ('user10','허난설헌','1992-09-07','F','010-7103-1992',4100,3,'광주','2022-01-10 10:50:12');

insert into `categories` values (10,'여성의류패션');
insert into `categories` values (11,'남성의류패션');
insert into `categories` values (12,'식품생필품');
insert into `categories` values (13,'취미반려견');
insert into `categories` values (14,'홈문구');
insert into `categories` values (15,'자동차공구');
insert into `categories` values (16,'스포츠건강');
insert into `categories` values (17,'컴퓨터가전디지털');
insert into `categories` values (18,'여행');
insert into `categories` values (19,'도서');



insert into `sellers` values (10001,'(주)다팔아','02-201-1976','정우성','서울');
insert into `sellers` values (10002,'판매의민족','02-102-1975','이정재','서울');
insert into `sellers` values (10003,'멋남','031-103-1989','원빈','경기');
insert into `sellers` values (10004,'스타일살아','032-201-1979','이나영','경기');
insert into `sellers` values (10005,'(주)삼성전자','02-214-1966','장동건','서울');
insert into `sellers` values (10006,'복실이옷짱','051-301-1979','고소영','부산');
insert into `sellers` values (10007,'컴퓨존(주)','055-401-1984','유재석','대구');
insert into `sellers` values (10008,'(주)LG전자','02-511-1965','강호동','서울');
insert into `sellers` values (10009,'굿바디스포츠','070-6101-1972','조인성','부산');
insert into `sellers` values (10010,'누리푸드','051-710-1992','강동원','부산');


insert into `points` (`userId`,`point`,`pointDesc`,`pointDate`) values ('user1',1000,'회원가입 1000 적립','2022-01-10 10:50:12');
insert into `points` (`userId`,`point`,`pointDesc`,`pointDate`) values ('user1',6000,'상품구매 5% 적립','2022-01-10 10:50:12');
insert into `points` (`userId`,`point`,`pointDesc`,`pointDate`) values ('user3',2835,'상품구매 5% 적립','2022-01-10 10:50:12');
insert into `points` (`userId`,`point`,`pointDesc`,`pointDate`) values ('user7',3610,'상품구매 5% 적립','2022-01-10 10:50:12');
insert into `points` (`userId`,`point`,`pointDesc`,`pointDate`) values ('user5',3000,'이벤트 응모 3000 적립','2022-01-10 10:50:12');
insert into `points` (`userId`,`point`,`pointDesc`,`pointDate`) values ('user2',1000,'회원가입 1000 적립','2022-01-10 10:50:12');
insert into `points` (`userId`,`point`,`pointDesc`,`pointDate`) values ('user2',2000,'이벤트 응모 2000 적립','2022-01-10 10:50:12');
insert into `points` (`userId`,`point`,`pointDesc`,`pointDate`) values ('user2',2615,'상품구매 5% 적립','2022-01-10 10:50:12');
insert into `points` (`userId`,`point`,`pointDesc`,`pointDate`) values ('user3',1500,'이벤트 응모 1500 적립','2022-01-10 10:50:12');
insert into `points` (`userId`,`point`,`pointDesc`,`pointDate`) values ('user6',15840,'상품구매 2% 적립','2022-01-10 10:50:12');

insert into `orders` values('2201210001','user2',52300,'서울시 마포구',1,'2022-01-10 10:50:12');
insert into `orders` values('2201210002','user3',56700,'서울시 강남구',1,'2022-01-10 10:50:12');
insert into `orders` values('2201210010','user4',72200,'서울시 강서구 큰대로',2,'2022-01-10 10:50:12');
insert into `orders` values('2201310001','user5',127000,'경기도 광주시 초월로',1,'2022-01-10 10:50:12');
insert into `orders` values('2201310100','user1',120000,'경기도 수원시',0,'2022-01-10 10:50:12');
insert into `orders` values('2201410101','user6',792000,'부산시 남구 120번지',2,'2022-01-10 10:50:12');
insert into `orders` values('2201510021','user7',92200,'부산시 부산진구',4,'2022-01-10 10:50:12');
insert into `orders` values('2201510027','user8',112000,'대구시 팔달로',3,'2022-01-10 10:50:12');
insert into `orders` values('2201510031','user10',792000,'대전시 한밭로',2,'2022-01-10 10:50:12');
insert into `orders` values('2201710110','user9',94500,'광주시 충열로',1,'2022-01-10 10:50:12');





insert into `products`(`prodNo`,`cateNo`,`sellerNo`,`prodName`,`prodPrice`,`prodstock`,`prodsold`,`prodDiscount`) 
values (100101,11,10003,'반팔티 L~2XL',869,25000,132,20);
insert into `products`(`prodNo`,`cateNo`,`sellerNo`,`prodName`,`prodPrice`,`prodstock`,`prodsold`,`prodDiscount`) 
values (100110,10,10004,'트레이닝 통바지',1602,38000,398,15);
insert into `products`(`prodNo`,`cateNo`,`sellerNo`,`prodName`,`prodPrice`,`prodstock`,`prodsold`,`prodDiscount`) 
values (110101,10,10003,'신상 여성운동화',160,76000,40,5);
insert into `products`(`prodNo`,`cateNo`,`sellerNo`,`prodName`,`prodPrice`,`prodsold`,`prodDiscount`) 
values (120101,12,10010,'암소 1등급 구이셋트 1.2kg',150000,87,15);
insert into `products`(`prodNo`,`cateNo`,`sellerNo`,`prodName`,`prodPrice`,`prodsold`,`prodDiscount`) 
values (120103,12,10010,'바로구이 부채살 250g',21000,61,10);
insert into `products`(`prodNo`,`cateNo`,`sellerNo`,`prodName`,`prodPrice`,`prodstock`,`prodsold`,`prodDiscount`) 
values (130101,13,10006,'[ANF]식스프리 강아지 사료',58,56000,142,0);
insert into `products`(`prodNo`,`cateNo`,`sellerNo`,`prodName`,`prodPrice`,`prodstock`,`prodsold`,`prodDiscount`) 
values (130112,13,10006,'중대형 사계절 강아지옷',120,15000,80,0);
insert into `products`(`prodNo`,`cateNo`,`sellerNo`,`prodName`,`prodPrice`,`prodsold`,`prodDiscount`) 
values (141001,14,10001,'라떼 2인 소파/방수 패브릭',320000,42,0);
insert into `products`(`prodNo`,`cateNo`,`sellerNo`,`prodName`,`prodPrice`,`prodstock`,`prodsold`,`prodDiscount`) 
values (170115,17,10007,'지포스 3080 그래픽카드',28,900000,12,12);
insert into `products`(`prodNo`,`cateNo`,`sellerNo`,`prodName`,`prodPrice`,`prodstock`,`prodsold`,`prodDiscount`) 
values (160103,16,10009,'치닝디핑 33BR 철봉',32,120000,28,0);

																						
insert into `orderitems` (`orderNo`,`prodNo`,`itemprice`,`itemDiscount`,`itemCount`) values('2201210001',100110,38000,15,1);
insert into `orderitems` (`orderNo`,`prodNo`,`itemprice`,`itemDiscount`,`itemCount`) values('2201210001',100101,25000,20,1);
insert into `orderitems` (`orderNo`,`prodNo`,`itemprice`,`itemDiscount`,`itemCount`) values('2201210002',120103,21000,10,3);
insert into `orderitems` (`orderNo`,`prodNo`,`itemprice`,`itemDiscount`,`itemCount`) values('2201310001',130112,15000,0,1);
insert into `orderitems` (`orderNo`,`prodNo`,`itemprice`,`itemDiscount`,`itemCount`) values('2201310001',130101,56000,0,2);
insert into `orderitems` (`orderNo`,`prodNo`,`itemprice`,`itemDiscount`,`itemCount`) values('2201210010',110101,76000,5,1);
insert into `orderitems` (`orderNo`,`prodNo`,`itemprice`,`itemDiscount`,`itemCount`) values('2201310100',100103,120000,0,1);
insert into `orderitems` (`orderNo`,`prodNo`,`itemprice`,`itemDiscount`,`itemCount`) values('2201410101',170115,900000,12,1);
insert into `orderitems` (`orderNo`,`prodNo`,`itemprice`,`itemDiscount`,`itemCount`) values('2201510021',110101,76000,5,1);
insert into `orderitems` (`orderNo`,`prodNo`,`itemprice`,`itemDiscount`,`itemCount`) values('2201510027',130101,56000,0,2);
insert into `orderitems` (`orderNo`,`prodNo`,`itemprice`,`itemDiscount`,`itemCount`) values('2201510021',100101,25000,20,1);
insert into `orderitems` (`orderNo`,`prodNo`,`itemprice`,`itemDiscount`,`itemCount`) values('2201510031',170115,900000,12,1);
insert into `orderitems` (`orderNo`,`prodNo`,`itemprice`,`itemDiscount`,`itemCount`) values('2201710110',120103,21000,10,5);

insert into `carts` (`userid`,`prodNo`,`cartProdcount`,`cartproddate`) values ('user1',100101,1,'2022-01-10 10:50:12');
insert into `carts` (`userid`,`prodNo`,`cartProdcount`,`cartproddate`) values ('user1',100110,2,'2022-01-10 10:50:12');
insert into `carts` (`userid`,`prodNo`,`cartProdcount`,`cartproddate`) values ('user3',120103,1,'2022-01-10 10:50:12');
insert into `carts` (`userid`,`prodNo`,`cartProdcount`,`cartproddate`) values ('user4',130112,1,'2022-01-10 10:50:12');
insert into `carts` (`userid`,`prodNo`,`cartProdcount`,`cartproddate`) values ('user5',130101,1,'2022-01-10 10:50:12');
insert into `carts` (`userid`,`prodNo`,`cartProdcount`,`cartproddate`) values ('user2',110101,3,'2022-01-10 10:50:12');
insert into `carts` (`userid`,`prodNo`,`cartProdcount`,`cartproddate`) values ('user2',160103,1,'2022-01-10 10:50:12');
insert into `carts` (`userid`,`prodNo`,`cartProdcount`,`cartproddate`) values ('user2',170115,1,'2022-01-10 10:50:12');
insert into `carts` (`userid`,`prodNo`,`cartProdcount`,`cartproddate`) values ('user3',110101,1,'2022-01-10 10:50:12');
insert into `carts` (`userid`,`prodNo`,`cartProdcount`,`cartproddate`) values ('user6',130101,1,'2022-01-10 10:50:12');













########################## 기연씨 코드
insert into `users` (`userid`,`username`,`userbirth`,`usergender`,`userhp`,`useremail`,`userpoint`,`userlevel`,`useraddr`,`userregdate`)
				values ('user1','김유신','1976-01-21','M','010-1101-1976','kimys@naver.com','0','1','서울','2022-01-10 10:50:12');
insert into `users` (`userid`,`username`,`userbirth`,`usergender`,`userhp`,`userpoint`,`userlevel`,`useraddr`,`userregdate`)
				values ('user2','계백','1975-06-11','M','010-1102-1975','1000','1','서울','2022-01-10 10:50:12');
insert into `users` (`userid`,`username`,`userbirth`,`usergender`,`userhp`,`userpoint`,`userlevel`,`useraddr`,`userregdate`)
				values ('user3','김춘추','1989-05-30','M','010-1103-1989','1200','2','서울','2022-01-10 10:50:12');
insert into `users` (`userid`,`username`,`userbirth`,`usergender`,`userhp`,`useremail`,`userpoint`,`userlevel`,`useraddr`,`userregdate`)
				values ('user4','이사부','1979-04-13','M','010-2101-1979','leesabu@gmail.com','2600','1','서울','2022-01-10 10:50:12');		               
insert into `users` (`userid`,`username`,`userbirth`,`usergender`,`userhp`,`useremail`,`userpoint`,`userlevel`,`useraddr`,`userregdate`)
				values ('user5','장보고','1966-09-12','M','010-2104-1966','jangbg@naver.com','9400','4','대전','2022-01-10 10:50:12');
			
insert into `users` (`userid`,`username`,`userbirth`,`usergender`,`userhp`,`useremail`,`userpoint`,`userlevel`,`useraddr`,`userregdate`)
				values ('user6','선덕여왕','1979-07-28','M','010-3101-1979','queen@naver.com','1600','2','대전','2022-01-10 10:50:12');
insert into `users` (`userid`,`username`,`userbirth`,`usergender`,`userhp`,`useremail`,`userpoint`,`userlevel`,`useraddr`,`userregdate`)
				values ('user7','강감찬','1984-06-15','F','010-4101-1984','kang@daum.net','800','0','대구','2022-01-10 10:50:12');
insert into `users` (`userid`,`username`,`userbirth`,`usergender`,`userhp`,`useremail`,`userpoint`,`userlevel`,`useraddr`,`userregdate`)
				values ('user8','신사임당','1965-10-21','M','010-5101-1965','sinsa@gmail.com','1500','1','대구','2022-01-10 10:50:12');
insert into `users` (`userid`,`username`,`userbirth`,`usergender`,`userhp`,`useremail`,`userpoint`,`userlevel`,`useraddr`,`userregdate`)
				values ('user9','이이','1972-11-28','F','010-6101-1972','leelee@nate.com','3400','3','부산','2022-01-10 10:50:12');
insert into `users` (`userid`,`username`,`userbirth`,`usergender`,`userhp`,`userpoint`,`userlevel`,`useraddr`,`userregdate`)
				values ('user10','허난설헌','1992-09-07','F','010-7103-1992','4100','3','광주','2022-01-10 10:50:12');		
insert into `points` (`userid`,`point`,`pointdesc`,`pointdate`) values ('user1','1000','회원가입 1000 적립','2022-01-10 10:50:12');
insert into `points` (`userid`,`point`,`pointdesc`,`pointdate`) values ('user1','6000','상품구매 5% 적립','2022-01-10 10:50:12');
insert into `points` (`userid`,`point`,`pointdesc`,`pointdate`) values ('user3','2835','상품구매 5% 적립','2022-01-10 10:50:12');
insert into `points` (`userid`,`point`,`pointdesc`,`pointdate`) values ('user7','3610','상품구매 5% 적립','2022-01-10 10:50:12');
insert into `points` (`userid`,`point`,`pointdesc`,`pointdate`) values ('user5','3000','이벤트 응모 3000 적립','2022-01-10 10:50:12');
insert into `points` (`userid`,`point`,`pointdesc`,`pointdate`) values ('user2','1000','회원가입 1000 적립','2022-01-10 10:50:12');
insert into `points` (`userid`,`point`,`pointdesc`,`pointdate`) values ('user2','2000','이벤트 응모 2000 적립','2022-01-10 10:50:12');
insert into `points` (`userid`,`point`,`pointdesc`,`pointdate`) values ('user2','2615','상품구매 5% 적립','2022-01-10 10:50:12');
insert into `points` (`userid`,`point`,`pointdesc`,`pointdate`) values ('user3','1500','이벤트 응모 1500 적립','2022-01-10 10:50:12');
insert into `points` (`userid`,`point`,`pointdesc`,`pointdate`) values ('user6','15840','상품구매 2% 적립','2022-01-10 10:50:12');
insert into `sellers` values ('10001','(주)다팔아','02-201-1976','정우성','서울');
insert into `sellers` values ('10002','판매의민족','02-102-1975','이정재','서울');
insert into `sellers` values ('10003','멋남','031-103-1989','원빈','경기');
insert into `sellers` values ('10004','스타일살아','032-201-1979','이나영','경기');
insert into `sellers` values ('10005','(주)삼성전자','02-214-1966','장동건','서울');
insert into `sellers` values ('10006','복실이옷짱','051-301-1979','고소영','부산');
insert into `sellers` values ('10007','컴퓨존(주)','055-401-1984','유재석','대구');
insert into `sellers` values ('10008','(주)LG전자','02-511-1965','강호동','서울');
insert into `sellers` values ('10009','굿바디스포츠','070-6101-1972','조인성','부산');
insert into `sellers` values ('10010','누리푸드','051-710-1992','강동원','부산');
insert into `categories` values ('10','여성의류패션');
insert into `categories` values ('11','남성의류패션');
insert into `categories` values ('12','식품·생필품');
insert into `categories` values ('13','취미·반려견');
insert into `categories` values ('14','홈·문구');
insert into `categories` values ('15','자동차·공구');
insert into `categories` values ('16','스포츠·건강');
insert into `categories` values ('17','컴퓨터·가전·디지털');
insert into `categories` values ('18','여행');
insert into `categories` values ('19','도서');
insert into `products` (`prodno`,`cateno`,`sellerno`,`prodname`,`prodprice`,`prodstock`,`prodsold`,`proddiscount`)
				values('100101','11','10003','반팔티 L~2XL','25000','869','132','20');
insert into `products` (`prodno`,`cateno`,`sellerno`,`prodname`,`prodprice`,`prodstock`,`prodsold`,`proddiscount`)
				values('100110','10','10004','트레이닝 통바지','38000','1602','398','15');
insert into `products` (`prodno`,`cateno`,`sellerno`,`prodname`,`prodprice`,`prodstock`,`prodsold`,`proddiscount`)
				values('110101','10','10003','신상 여성운동화','76000','160','40','5');
insert into `products` (`prodno`,`cateno`,`sellerno`,`prodname`,`prodprice`,`prodsold`,`proddiscount`)
				values('120101','12','10010','암소 1등급 구이셋트 1.2KG','150000','87','10');
insert into `products` (`prodno`,`cateno`,`sellerno`,`prodname`,`prodprice`,`prodsold`,`proddiscount`)
				values('120103','12','10010','바로구이 부채살 250g','21000','61','0');
insert into `products` (`prodno`,`cateno`,`sellerno`,`prodname`,`prodprice`,`prodstock`,`prodsold`,`proddiscount`)
				values('130101','13','10006','[ANF] 식스프리 강아지 사료','56000','58','142','0');
insert into `products` (`prodno`,`cateno`,`sellerno`,`prodname`,`prodprice`,`prodstock`,`prodsold`,`proddiscount`)
				values('130112','13','10006','중대형 사계절 강아지옷','15000','120','80','0');
insert into `products` (`prodno`,`cateno`,`sellerno`,`prodname`,`prodprice`,`prodsold`,`proddiscount`)
				values('141001','14','10001','라뗴 2인 소파/방수 패브릭','320000','42','0');
insert into `products` (`prodno`,`cateno`,`sellerno`,`prodname`,`prodprice`,`prodstock`,`prodsold`,`proddiscount`)
				values('170115','17','10007','지포스 3080 그래픽 카드','900000','28','12','12');
insert into `products` (`prodno`,`cateno`,`sellerno`,`prodname`,`prodprice`,`prodstock`,`prodsold`,`proddiscount`)
				values('160103','16','10009','치닝디핑 33BR 철봉','120000','32','28','0');
insert into `orders` values ('22010210001','user2','52300','서울시 마포구 121','1','2022-01-10 10:50:12');
insert into `orders` values ('22010210002','user3','56700','서울시 강남구 21-1','1','2022-01-10 10:50:12');
insert into `orders` values ('22010210010','user4','72200','서울시 강서구 큰대로 38','2','2022-01-10 10:50:12');
insert into `orders` values ('22010310001','user5','127000','경기도 광주시 초월로 21','1','2022-01-10 10:50:12');
insert into `orders` values ('22010310100','user1','120000','경기도 수원시 120번지','0','2022-01-10 10:50:12');
insert into `orders` values ('22010410101','user6','792000','부산시 남구 21-1','2','2022-01-10 10:50:12');
insert into `orders` values ('22010510021','user7','92200','부산시 부산진구 56 10층','4','2022-01-10 10:50:12');
insert into `orders` values ('22010510027','user8','112000','대구시 팔달로 19','6','2022-01-10 10:50:12');
insert into `orders` values ('22010510031','user10','792000','대전시 한밭로 24-1','2','2022-01-10 10:50:12');
insert into `orders` values ('22010710110','user9','94500','광주시 충열로 11','1','2022-01-10 10:50:12');
insert into `orderitems`  (`orderno`,`prodno`,`itemprice`,`itemdiscount`,`itemcount`)values ('22010210001','100110','38000','15','1');
insert into `orderitems`  (`orderno`,`prodno`,`itemprice`,`itemdiscount`,`itemcount`)values ('22010210001','100101','25000','20','1');
insert into `orderitems`  (`orderno`,`prodno`,`itemprice`,`itemdiscount`,`itemcount`)values ('22010210002','120103','21000','10','3');
insert into `orderitems`  (`orderno`,`prodno`,`itemprice`,`itemdiscount`,`itemcount`)values ('22010310001','130112','15000','0','1');
insert into `orderitems`  (`orderno`,`prodno`,`itemprice`,`itemdiscount`,`itemcount`)values ('22010310001','130101','56000','0','2');
insert into `orderitems`  (`orderno`,`prodno`,`itemprice`,`itemdiscount`,`itemcount`)values ('22010210010','110101','76000','5','1');
insert into `orderitems`  (`orderno`,`prodno`,`itemprice`,`itemdiscount`,`itemcount`)values ('22010310100','160103','120000','0','1');
insert into `orderitems`  (`orderno`,`prodno`,`itemprice`,`itemdiscount`,`itemcount`)values ('22010410101','170115','900000','12','1');
insert into `orderitems`  (`orderno`,`prodno`,`itemprice`,`itemdiscount`,`itemcount`)values ('22010510021','110101','76000','5','1');
insert into `orderitems`  (`orderno`,`prodno`,`itemprice`,`itemdiscount`,`itemcount`)values ('22010510027','130101','56000','0','2');
insert into `orderitems`  (`orderno`,`prodno`,`itemprice`,`itemdiscount`,`itemcount`)values ('22010510021','100101','25000','20','1');
insert into `orderitems`  (`orderno`,`prodno`,`itemprice`,`itemdiscount`,`itemcount`)values ('22010510031','170115','900000','12','1');
insert into `orderitems`  (`orderno`,`prodno`,`itemprice`,`itemdiscount`,`itemcount`)values ('22010710110','120103','21000','10','5');
insert into `carts`(`userid`,`prodno`,`cartprodcount`,`cartproddate`) values ('user1','100101','1','2022-01-10 10:50:12');
insert into `carts`(`userid`,`prodno`,`cartprodcount`,`cartproddate`) values ('user1','100110','2','2022-01-10 10:50:12');
insert into `carts`(`userid`,`prodno`,`cartprodcount`,`cartproddate`) values ('user3','120103','1','2022-01-10 10:50:12');
insert into `carts`(`userid`,`prodno`,`cartprodcount`,`cartproddate`) values ('user4','130112','1','2022-01-10 10:50:12');
insert into `carts`(`userid`,`prodno`,`cartprodcount`,`cartproddate`) values ('user5','130101','1','2022-01-10 10:50:12');
insert into `carts`(`userid`,`prodno`,`cartprodcount`,`cartproddate`) values ('user2','110101','3','2022-01-10 10:50:12');
insert into `carts`(`userid`,`prodno`,`cartprodcount`,`cartproddate`) values ('user2','160103','1','2022-01-10 10:50:12');
insert into `carts`(`userid`,`prodno`,`cartprodcount`,`cartproddate`) values ('user2','170115','1','2022-01-10 10:50:12');
insert into `carts`(`userid`,`prodno`,`cartprodcount`,`cartproddate`) values ('user3','110101','1','2022-01-10 10:50:12');
insert into `carts`(`userid`,`prodno`,`cartprodcount`,`cartproddate`) values ('user6','130101','1','2022-01-10 10:50:12');




#1
select 	`userName`,
		`prodName`,
        `cartProdCount`
from `carts` as a
join `users` as b on a.userId = b.userId
join `products` as c on a.prodNo = c.prodNo 
where `cartProdCount` >= 2;


#2
select	`prodNo`,
		`cateName`,
        `prodName`,
        `prodPrice`,
        `SellerManager`,
        `SellerPhone`
from `products` as a
join `categories` as b on a.cateNo = b.cateNo
join `sellers` as c on a.SellerNo = c.SellerNo;

#3
select 	a.`userId`,
		`userName`,
        `userHp`,
        `userPoint`,
        if(sum(`point`) is null ,0,sum(`point`)) as `적립포인트 총합`
from `users` as a
left join `points` as b on a.userId = b.userId
group by a.`userId`;

#4
select 	a.`orderNo`,
		a.`userId`,
        `userName`,
        `itemPrice`,
        `orderDate`
from `orders` as a
join `users` as b on a.userId = b.userId
join `orderitems` as c on a.orderNo = c.orderNo
where `itemPrice` >= 100000 
order by `itemPrice`desc , `userName` asc;

#5
select 	a.`orderNo`,
		a.`userId`,
        `userName`,
        group_concat(`prodName` separator ',') as `상품명`,
        `orderDate`
from `orders` as a
join `users` as b on a.userId = b.userId
join `orderitems` as c on a.orderNo = c.orderNo
join `products` as d on c.prodNo = d.prodNo
group by a.`orderNo`;

#6
select 
	*,
    floor(`prodPrice` * (1 - `prodDiscount` / 100)) as `할인가`
from `products`;

#7
select 	`prodNo`,
		`prodName`,
        `prodPrice`,
        `prodStock`,
        `SellerManager`
from `products` as a
join `sellers` as b on a.SellerNo = b.SellerNo
where `SellerManager` = '고소영';


#8
select 	a.`SellerNo`,
		`SellerBizName`,
        `SellerManager`,
        `SellerPhone`
from `products` as a
right join `sellers` as b on a.SellerNo = b.SellerNo
where `prodNo` is null;


#9
select `orderNo`,
		sum(`할인가`) as `최종총합`
from	(select 	
			*,
			floor(`itemprice` * (1-`itemdiscount` / 100)) as `할인가`
		from `orderitems`)as a
group by `orderNo`
having `최종총합` >= 100000
order by `최종총합` desc;


#10
SELECT 
	`userName`,
	GROUP_CONCAT(`prodName` SEPARATOR ',')
FROM `Orders` AS a
JOIN `Users` AS b ON a.userId=b.userId
JOIN `OrderItems` AS c ON a.orderNo=c.orderNo
JOIN `Products` AS d ON d.prodNo=c.prodNo
WHERE `userName` = '장보고';








